t,position_ticks,position_rad,speed,load
0.0,0,0.0,0,0
0.01,41,0.06283,0,0
0.02,82,0.12563,0,0
0.03,123,0.18838,0,0
0.04,164,0.25106,0,0
0.05,204,0.31364,0,0
0.06,245,0.37609,0,0
0.07,286,0.43839,0,0
0.08,326,0.50051,0,0
0.09,367,0.56244,0,0
0.1,407,0.62414,0,0
0.11,447,0.68559,0,0
0.12,487,0.74676,0,0
0.13,527,0.80764,0,0
0.14,566,0.8682,0,0
0.15,605,0.9284,0,0
0.16,644,0.98824,0,0
0.17,683,1.04768,0,0
0.18,721,1.1067,0,0
0.19,760,1.16528,0,0
0.2,798,1.22339,0,0
0.21,835,1.28102,0,0
0.22,872,1.33813,0,0
0.23,909,1.3947,0,0
0.24,946,1.45072,0,0
0.25,982,1.50616,0,0
0.26,1018,1.56099,0,0
0.27,1053,1.61521,0,0
0.28,1088,1.66877,0,0
0.29,1122,1.72167,0,0
0.3,1156,1.77388,0,0
0.31,1190,1.82538,0,0
0.32,1223,1.87614,0,0
0.33,1256,1.92616,0,0
0.34,1288,1.97541,0,0
0.35,1319,2.02387,0,0
0.36,1350,2.07152,0,0
0.37,1381,2.11834,0,0
0.38,1411,2.16431,0,0
0.39,1440,2.20942,0,0
0.4,1469,2.25364,0,0
0.41,1497,2.29696,0,0
0.42,1525,2.33937,0,0
0.43,1552,2.38083,0,0
0.44,1578,2.42135,0,0
0.45,1604,2.46089,0,0
0.46,1629,2.49946,0,0
0.47,1654,2.53702,0,0
0.48,1678,2.57357,0,0
0.49,1701,2.60908,0,0
0.5,1723,2.64356,0,0
0.51,1745,2.67698,0,0
0.52,1766,2.70932,0,0
0.53,1787,2.74059,0,0
0.54,1806,2.77075,0,0
0.55,1825,2.79981,0,0
0.56,1843,2.82775,0,0
0.57,1861,2.85456,0,0
0.58,1878,2.88022,0,0
0.59,1894,2.90474,0,0
0.6,1909,2.92809,0,0
0.61,1923,2.95027,0,0
0.62,1937,2.97127,0,0
0.63,1950,2.99108,0,0
0.64,1962,3.0097,0,0
0.65,1973,3.02711,0,0
0.66,1984,3.04331,0,0
0.67,1994,3.05829,0,0
0.68,2003,3.07205,0,0
0.69,2011,3.08458,0,0
0.7,2018,3.09588,0,0
0.71,2025,3.10594,0,0
0.72,2031,3.11476,0,0
0.73,2035,3.12233,0,0
0.74,2040,3.12865,0,0
0.75,2043,3.13372,0,0
0.76,2045,3.13754,0,0
0.77,2047,3.1401,0,0
0.78,2048,3.14141,0,0
0.79,2048,3.14146,0,0
0.8,2047,3.14025,0,0
0.81,2046,3.13779,0,0
0.82,2043,3.13407,0,0
0.83,2040,3.1291,0,0
0.84,2036,3.12288,0,0
0.85,2031,3.11541,0,0
0.86,2025,3.10669,0,0
0.87,2019,3.09673,0,0
0.88,2011,3.08553,0,0
0.89,2003,3.0731,0,0
0.9,1994,3.05943,0,0
0.91,1985,3.04455,0,0
0.92,1974,3.02844,0,0
0.93,1963,3.01113,0,0
0.94,1951,2.99261,0,0
0.95,1938,2.97289,0,0
0.96,1924,2.95198,0,0
0.97,1910,2.9299,0,0
0.98,1895,2.90664,0,0
0.99,1879,2.88222,0,0
1.0,1862,2.85664,0,0
1.01,1845,2.82993,0,0
1.02,1827,2.80208,0,0
1.03,1808,2.77311,0,0
1.04,1788,2.74303,0,0
1.05,1768,2.71185,0,0
1.06,1747,2.67959,0,0
1.07,1725,2.64626,0,0
1.08,1703,2.61187,0,0
1.09,1680,2.57643,0,0
1.1,1656,2.53997,0,0
1.11,1631,2.50248,0,0
1.12,1606,2.464,0,0
1.13,1581,2.42453,0,0
1.14,1554,2.38409,0,0
1.15,1527,2.3427,0,0
1.16,1500,2.30037,0,0
1.17,1471,2.25712,0,0
1.18,1443,2.21297,0,0
1.19,1413,2.16793,0,0
1.2,1383,2.12203,0,0
1.21,1353,2.07528,0,0
1.22,1322,2.02769,0,0
1.23,1290,1.9793,0,0
1.24,1258,1.93011,0,0
1.25,1226,1.88016,0,0
1.26,1193,1.82945,0,0
1.27,1159,1.778,0,0
1.28,1125,1.72585,0,0
1.29,1091,1.67301,0,0
1.3,1056,1.6195,0,0
1.31,1020,1.56534,0,0
1.32,985,1.51055,0,0
1.33,949,1.45516,0,0
1.34,912,1.39919,0,0
1.35,875,1.34265,0,0
1.36,838,1.28558,0,0
1.37,801,1.228,0,0
1.38,763,1.16993,0,0
1.39,725,1.11138,0,0
1.4,686,1.0524,0,0
1.41,647,0.99299,0,0
1.42,608,0.93318,0,0
1.43,569,0.873,0,0
1.44,530,0.81248,0,0
1.45,490,0.75162,0,0
1.46,450,0.69047,0,0
1.47,410,0.62904,0,0
1.48,370,0.56736,0,0
1.49,330,0.50545,0,0
1.5,289,0.44334,0,0
1.51,248,0.38105,0,0
1.52,208,0.31861,0,0
1.53,167,0.25605,0,0
1.54,126,0.19338,0,0
1.55,85,0.13063,0,0
1.56,44,0.06783,0,0
1.57,3,0.005,0,0
1.58,4058,-0.05783,0,0
1.59,4017,-0.12063,0,0
1.6,3976,-0.18339,0,0
1.61,3936,-0.24607,0,0
1.62,3895,-0.30866,0,0
1.63,3854,-0.37112,0,0
1.64,3813,-0.43343,0,0
1.65,3773,-0.49557,0,0
1.66,3733,-0.55751,0,0
1.67,3692,-0.61923,0,0
1.68,3652,-0.6807,0,0
1.69,3612,-0.7419,0,0
1.7,3573,-0.80281,0,0
1.71,3533,-0.86339,0,0
1.72,3494,-0.92362,0,0
1.73,3455,-0.98349,0,0
1.74,3416,-1.04296,0,0
1.75,3378,-1.10202,0,0
1.76,3339,-1.16063,0,0
1.77,3301,-1.21878,0,0
1.78,3264,-1.27645,0,0
1.79,3227,-1.3336,0,0
1.8,3190,-1.39022,0,0
1.81,3153,-1.44628,0,0
1.82,3117,-1.50177,0,0
1.83,3081,-1.55665,0,0
1.84,3046,-1.61091,0,0
1.85,3011,-1.66453,0,0
1.86,2976,-1.71748,0,0
1.87,2942,-1.76974,0,0
1.88,2909,-1.8213,0,0
1.89,2876,-1.87213,0,0
1.9,2843,-1.92221,0,0
1.91,2811,-1.97152,0,0
1.92,2779,-2.02004,0,0
1.93,2748,-2.06775,0,0
1.94,2717,-2.11464,0,0
1.95,2687,-2.16068,0,0
1.96,2658,-2.20586,0,0
1.97,2629,-2.25015,0,0
1.98,2601,-2.29355,0,0
1.99,2573,-2.33602,0,0
2.0,2546,-2.37757,0,0
2.01,2520,-2.41816,0,0
2.02,2494,-2.45778,0,0
2.03,2469,-2.49642,0,0
2.04,2444,-2.53406,0,0
2.05,2420,-2.57069,0,0
2.06,2397,-2.60629,0,0
2.07,2374,-2.64085,0,0
2.08,2353,-2.67435,0,0
2.09,2331,-2.70679,0,0
2.1,2311,-2.73814,0,0
2.11,2291,-2.76839,0,0
2.12,2272,-2.79754,0,0
2.13,2254,-2.82557,0,0
2.14,2236,-2.85246,0,0
2.15,2220,-2.87822,0,0
2.16,2204,-2.90283,0,0
2.17,2188,-2.92627,0,0
2.18,2174,-2.94854,0,0
2.19,2160,-2.96964,0,0
2.2,2147,-2.98955,0,0
2.21,2135,-3.00826,0,0
2.22,2124,-3.02577,0,0
2.23,2113,-3.04206,0,0
2.24,2103,-3.05714,0,0
2.25,2094,-3.071,0,0
2.26,2086,-3.08363,0,0
2.27,2078,-3.09503,0,0
2.28,2072,-3.10519,0,0
2.29,2066,-3.1141,0,0
2.3,2061,-3.12177,0,0
2.31,2057,-3.12819,0,0
2.32,2053,-3.13337,0,0
2.33,2051,-3.13728,0,0
2.34,2049,-3.13994,0,0
2.35,2048,-3.14135,0,0
2.36,2048,-3.1415,0,0
2.37,2049,-3.1404,0,0
2.38,2050,-3.13803,0,0
2.39,2053,-3.13441,0,0
2.4,2056,-3.12954,0,0
2.41,2060,-3.12342,0,0
2.42,2065,-3.11605,0,0
2.43,2070,-3.10743,0,0
2.44,2077,-3.09757,0,0
2.45,2084,-3.08647,0,0
2.46,2092,-3.07413,0,0
2.47,2101,-3.06057,0,0
2.48,2110,-3.04578,0,0
2.49,2121,-3.02977,0,0
2.5,2132,-3.01255,0,0
2.51,2144,-2.99413,0,0
2.52,2157,-2.9745,0,0
2.53,2170,-2.95369,0,0
2.54,2185,-2.9317,0,0
2.55,2200,-2.90853,0,0
2.56,2216,-2.8842,0,0
2.57,2232,-2.85872,0,0
2.58,2250,-2.83209,0,0
2.59,2268,-2.80434,0,0
2.6,2287,-2.77545,0,0
2.61,2306,-2.74546,0,0
2.62,2327,-2.71437,0,0
2.63,2347,-2.6822,0,0
2.64,2369,-2.64895,0,0
2.65,2392,-2.61465,0,0
2.66,2415,-2.57929,0,0
2.67,2438,-2.54291,0,0
2.68,2463,-2.50551,0,0
2.69,2488,-2.4671,0,0
2.7,2513,-2.42771,0,0
2.71,2540,-2.38735,0,0
2.72,2567,-2.34603,0,0
2.73,2594,-2.30378,0,0
2.74,2622,-2.2606,0,0
2.75,2651,-2.21652,0,0
2.76,2680,-2.17155,0,0
2.77,2710,-2.12572,0,0
2.78,2741,-2.07903,0,0
2.79,2772,-2.03151,0,0
2.8,2803,-1.98318,0,0
2.81,2835,-1.93406,0,0
2.82,2868,-1.88416,0,0
2.83,2901,-1.83351,0,0
2.84,2934,-1.78213,0,0
2.85,2968,-1.73003,0,0
2.86,3003,-1.67724,0,0
2.87,3037,-1.62378,0,0
2.88,3073,-1.56967,0,0
2.89,3108,-1.51493,0,0
2.9,3144,-1.45959,0,0
2.91,3181,-1.40366,0,0
2.92,3218,-1.34718,0,0
2.93,3255,-1.29015,0,0
2.94,3292,-1.2326,0,0
2.95,3330,-1.17457,0,0
2.96,3368,-1.11606,0,0
2.97,3407,-1.05711,0,0
2.98,3446,-0.99773,0,0
2.99,3485,-0.93796,0,0
3.0,3524,-0.87781,0,0
3.01,3563,-0.81731,0,0
3.02,3603,-0.75648,0,0
3.03,3643,-0.69535,0,0
3.04,3683,-0.63394,0,0
3.05,3723,-0.57228,0,0
3.06,3763,-0.51039,0,0
3.07,3804,-0.44829,0,0
3.08,3844,-0.38602,0,0
3.09,3885,-0.32359,0,0
3.1,3926,-0.26103,0,0
3.11,3967,-0.19837,0,0
3.12,4008,-0.13563,0,0
3.13,4049,-0.07283,0,0
3.14,4089,-0.01001,0,0
3.15,34,0.05282,0,0
3.16,75,0.11563,0,0
3.17,116,0.17839,0,0
3.18,157,0.24108,0,0
3.19,198,0.30368,0,0
3.2,239,0.36615,0,0
3.21,279,0.42848,0,0
3.22,320,0.49063,0,0
3.23,360,0.55259,0,0
3.24,400,0.61433,0,0
3.25,441,0.67582,0,0
3.26,480,0.73704,0,0
3.27,520,0.79797,0,0
3.28,560,0.85858,0,0
3.29,599,0.91884,0,0
3.3,638,0.97874,0,0
3.31,677,1.03824,0,0
3.32,715,1.09733,0,0
3.33,754,1.15598,0,0
3.34,792,1.21417,0,0
3.35,829,1.27187,0,0
3.36,866,1.32907,0,0
3.37,903,1.38573,0,0
3.38,940,1.44184,0,0
3.39,976,1.49737,0,0
3.4,1012,1.5523,0,0
3.41,1047,1.60661,0,0
3.42,1082,1.66028,0,0
3.43,1117,1.71329,0,0
3.44,1151,1.76561,0,0
3.45,1185,1.81722,0,0
3.46,1218,1.86811,0,0
3.47,1251,1.91825,0,0
3.48,1283,1.96762,0,0
3.49,1314,2.01621,0,0
3.5,1346,2.06398,0,0
3.51,1376,2.11094,0,0
3.52,1406,2.15705,0,0
3.53,1436,2.20229,0,0
3.54,1465,2.24666,0,0
3.55,1493,2.29012,0,0
3.56,1521,2.33267,0,0
3.57,1548,2.37429,0,0
3.58,1574,2.41496,0,0
3.59,1600,2.45466,0,0
3.6,1625,2.49338,0,0
3.61,1650,2.5311,0,0
3.62,1674,2.56781,0,0
3.63,1697,2.6035,0,0
3.64,1720,2.63814,0,0
3.65,1742,2.67173,0,0
3.66,1763,2.70424,0,0
3.67,1783,2.73568,0,0
3.68,1803,2.76602,0,0
3.69,1822,2.79526,0,0
3.7,1841,2.82337,0,0
3.71,1858,2.85036,0,0
3.72,1875,2.87621,0,0
3.73,1891,2.90091,0,0
3.74,1906,2.92445,0,0
3.75,1921,2.94681,0,0
3.76,1935,2.968,0,0
3.77,1948,2.988,0,0
3.78,1960,3.00681,0,0
3.79,1972,3.02442,0,0
3.8,1982,3.04081,0,0
3.81,1992,3.05599,0,0
3.82,2001,3.06994,0,0
3.83,2010,3.08267,0,0
3.84,2017,3.09417,0,0
3.85,2024,3.10442,0,0
3.86,2030,3.11344,0,0
3.87,2035,3.12121,0,0
3.88,2039,3.12773,0,0
3.89,2042,3.133,0,0
3.9,2045,3.13702,0,0
3.91,2047,3.13978,0,0
3.92,2048,3.14129,0,0
3.93,2048,3.14154,0,0
3.94,2047,3.14053,0,0
3.95,2046,3.13827,0,0
3.96,2044,3.13475,0,0
3.97,2040,3.12998,0,0
3.98,2037,3.12395,0,0
3.99,2032,3.11668,0,0
4.0,2026,3.10816,0,0
4.01,2020,3.0984,0,0
4.02,2013,3.0874,0,0
4.03,2005,3.07516,0,0
4.04,1996,3.06169,0,0
4.05,1986,3.047,0,0
4.06,1976,3.03109,0,0
4.07,1965,3.01396,0,0
4.08,1953,2.99564,0,0
4.09,1940,2.97611,0,0
4.1,1927,2.95539,0,0
4.11,1912,2.93349,0,0
4.12,1897,2.91042,0,0
4.13,1881,2.88618,0,0
4.14,1865,2.86079,0,0
4.15,1848,2.83426,0,0
4.16,1830,2.80659,0,0
4.17,1811,2.7778,0,0
4.18,1791,2.74789,0,0
4.19,1771,2.71689,0,0
4.2,1750,2.6848,0,0
4.21,1729,2.65164,0,0
4.22,1706,2.61742,0,0
4.23,1683,2.58215,0,0
4.24,1660,2.54584,0,0
4.25,1635,2.50852,0,0
4.26,1610,2.4702,0,0
4.27,1585,2.43088,0,0
4.28,1558,2.3906,0,0
4.29,1532,2.34936,0,0
4.3,1504,2.30718,0,0
4.31,1476,2.26407,0,0
4.32,1447,2.22006,0,0
4.33,1418,2.17517,0,0
4.34,1388,2.1294,0,0
4.35,1358,2.08278,0,0
4.36,1327,2.03533,0,0
4.37,1295,1.98706,0,0
4.38,1263,1.938,0,0
4.39,1231,1.88816,0,0
4.4,1198,1.83757,0,0
4.41,1164,1.78624,0,0
4.42,1131,1.7342,0,0
4.43,1096,1.68147,0,0
4.44,1061,1.62806,0,0
4.45,1026,1.574,0,0
4.46,990,1.51932,0,0
4.47,954,1.46402,0,0
4.48,918,1.40814,0,0
4.49,881,1.35169,0,0
4.5,844,1.29471,0,0
4.51,807,1.23721,0,0
4.52,769,1.17921,0,0
4.53,731,1.12074,0,0
4.54,692,1.06182,0,0
4.55,654,1.00248,0,0
4.56,615,0.94273,0,0
4.57,575,0.88261,0,0
4.58,536,0.82214,0,0
4.59,496,0.76134,0,0
4.6,456,0.70023,0,0
4.61,416,0.63884,0,0
4.62,376,0.5772,0,0
4.63,336,0.51533,0,0
4.64,295,0.45325,0,0
4.65,255,0.39099,0,0
4.66,214,0.32857,0,0
4.67,173,0.26602,0,0
4.68,133,0.20336,0,0
4.69,92,0.14063,0,0
4.7,51,0.07783,0,0
4.71,10,0.01501,0,0
4.72,4065,-0.04782,0,0
4.73,4024,-0.11063,0,0
4.74,3983,-0.1734,0,0
4.75,3942,-0.23609,0,0
4.76,3901,-0.2987,0,0
4.77,3861,-0.36118,0,0
4.78,3820,-0.42352,0,0
4.79,3779,-0.48569,0,0
4.8,3739,-0.54766,0,0
4.81,3699,-0.60942,0,0
4.82,3659,-0.67093,0,0
4.83,3619,-0.73218,0,0
4.84,3579,-0.79313,0,0
4.85,3539,-0.85376,0,0
4.86,3500,-0.91405,0,0
4.87,3461,-0.97398,0,0
4.88,3422,-1.03352,0,0
4.89,3384,-1.09264,0,0
4.9,3345,-1.15133,0,0
4.91,3307,-1.20955,0,0
4.92,3270,-1.2673,0,0
4.93,3233,-1.32453,0,0
4.94,3196,-1.38124,0,0
4.95,3159,-1.43739,0,0
4.96,3123,-1.49297,0,0
4.97,3087,-1.54795,0,0
4.98,3051,-1.60231,0,0
4.99,3016,-1.65603,0,0
